{"cameraMode":{"drawMode":0,"name":"Shaded","section":"Shading Mode"},"sceneLighting":true,"audioPlay":false,"sceneViewState":{"showFog":true,"showMaterialUpdate":false,"showSkybox":true,"showFlares":true,"showImageEffects":true,"showParticleSystems":true},"in2DMode":false,"pivot":{"x":13.079999923706055,"y":0.4999999701976776,"z":-11.5},"rotation":{"x":0.3455171585083008,"y":0.006755594629794359,"z":-0.002488589147105813,"w":0.9383848309516907},"size":10.130302429199219,"orthographic":false}