{"cameraMode":{"drawMode":0,"name":"Shaded","section":"Shading Mode"},"sceneLighting":false,"audioPlay":false,"sceneViewState":{"showFog":true,"showMaterialUpdate":false,"showSkybox":false,"showFlares":true,"showImageEffects":true,"showParticleSystems":true},"in2DMode":false,"pivot":{"x":0.0,"y":1.745142936706543,"z":5.960464477539063e-8},"rotation":{"x":0.38931864500045779,"y":-0.005526639986783266,"z":0.0023356887977570297,"w":0.9210836291313171},"size":7.106810092926025,"orthographic":false}