{"cameraMode":{"drawMode":0,"name":"Shaded","section":"Shading Mode"},"sceneLighting":false,"audioPlay":false,"sceneViewState":{"showFog":true,"showMaterialUpdate":false,"showSkybox":false,"showFlares":true,"showImageEffects":true,"showParticleSystems":true},"in2DMode":false,"pivot":{"x":-0.017289772629737855,"y":0.006917901337146759,"z":-0.004332683980464935},"rotation":{"x":0.38931864500045779,"y":-0.005526639986783266,"z":0.0023356887977570297,"w":0.9210836291313171},"size":1.0216385126113892,"orthographic":false}