{"cameraMode":{"drawMode":0,"name":"Shaded","section":"Shading Mode"},"sceneLighting":false,"audioPlay":false,"sceneViewState":{"showFog":true,"showMaterialUpdate":false,"showSkybox":false,"showFlares":true,"showImageEffects":true,"showParticleSystems":true},"in2DMode":false,"pivot":{"x":516.490234375,"y":226.37750244140626,"z":1.1570714712142945},"rotation":{"x":0.03179284930229187,"y":0.008694550953805447,"z":-0.00027772432076744735,"w":0.9994567036628723},"size":22.0,"orthographic":false}